<?xml version="1.0" encoding="UTF-8" ?>
<!DOCTYPE configuration
  PUBLIC "-//mybatis.org//DTD Config 3.0//EN"
  "https://mybatis.org/dtd/mybatis-3-config.dtd">
<configuration>

  <!-- xml 주석문 -->
  <!-- com.config.jdbc.properties 파일을 설정 -->
  <properties resource="com/config/jdbc.properties"></properties>

  <!-- DTO 별칭 -->
  <typeAliases>
    <typeAlias alias="EmpDTO" type="com.dto.EmpDTO" />
  </typeAliases>

  <environments default="development">
    <environment id="development">
      <transactionManager type="JDBC"/>
      <dataSource type="POOLED">
        <property name="driver" value="${jdbc.driver}"/>
        <property name="url" value="${jdbc.url}"/>
        <property name="username" value="${jdbc.userid}"/>
        <property name="password" value="${jdbc.passwd}"/>
      </dataSource>
    </environment>
  </environments>
  <mappers>
   <!-- com.config.DeptMapper.xml 파일을 설정 -->
    <mapper resource="com/config/EmpMapper.xml"/>
  </mappers>
</configuration>