<?xml version="1.0" encoding="UTF-8" ?>
<!DOCTYPE mapper
  PUBLIC "-//mybatis.org//DTD Mapper 3.0//EN"
  "https://mybatis.org/dtd/mybatis-3-mapper.dtd">
<mapper namespace="com.config.EmpMapper">
 
      <select id="findAll" resultType="EmpDTO">
         select empno,
                ename as username,
                job,
                mgr,
                hiredate,
                sal as salary,
                comm as commission ,
                deptno
          from emp
      </select>
      <select id="findByLikeEname" resultType="EmpDTO" 
            parameterType="string">
         select empno,
                ename as username,
                job,
                mgr,
                hiredate,
                sal as salary,
                comm as commission ,
                deptno
          from emp
          where ename LIKE concat('%', #{ename}, '%')
      </select>
      
      <insert id="insert" parameterType="EmpDTO">
          insert into emp (empno, ename, job, mgr, hiredate, sal, comm, deptno )
          values ( #{empno},#{username},#{job},#{mgr},#{hiredate},#{salary},#{commission},#{deptno})
      </insert>
      
	  <update id="update" parameterType="hashmap">
	     update emp
	     set sal = #{salary}
	     where empno = #{empno}
	  </update>
	  
	  <delete id="delete" parameterType="int">
	     delete from emp
	     where empno = #{empno}
	  </delete>
	 
</mapper>