<?xml version="1.0" encoding="UTF-8" ?>
<!DOCTYPE mapper
  PUBLIC "-//mybatis.org//DTD Mapper 3.0//EN"
  "https://mybatis.org/dtd/mybatis-3-mapper.dtd">
<mapper namespace="com.exam.config.DeptMapper">

  
  <!--   복수행  -->
  <select id="findAll" resultType="DeptDTO">
   <![CDATA[
     select deptno, dname, loc 
     from dept
     order by deptno desc
    ]]>
  </select>
  
   <insert id="save" parameterType="DeptDTO">
     insert into dept ( deptno, dname, loc )
     values ( #{deptno}, #{dname}, #{loc})
   </insert>
  
   <update id="update" parameterType="DeptDTO">
     update dept
     set dname =#{dname} , loc= #{loc}
     where deptno=#{deptno}
   </update>
   
   <delete id="delete" parameterType="int">
     delete from dept
      where deptno=#{deptno}
   </delete>
  
</mapper>