<?xml version="1.0" encoding="UTF-8" ?>
<!DOCTYPE mapper
  PUBLIC "-//mybatis.org//DTD Mapper 3.0//EN"
  "https://mybatis.org/dtd/mybatis-3-mapper.dtd">
<mapper namespace="com.config.BoardMapper">
 
      <select id="list" resultType="BoardDTO">
         select num,
         	    title,
         	    author,
         	    content,
         	    writeday,
         	    readcnt
          from board
          order by num desc
      </select>
      
      <insert id="write" parameterType="BoardDTO">
         insert into board (title,author,content)
         values( #{title}, #{author}, #{content} )
      </insert>
    
	 <select id="retrieve" parameterType="int" resultType="BoardDTO">
	     select num,
         	    title,
         	    author,
         	    content,
         	    writeday,
         	    readcnt
          from board
          where num = #{num}
	 </select>
	 
	 <!-- 조회수 증가 -->
	 <update id="readcnt" parameterType="int">
	     update board
	     set readcnt = readcnt + 1
	     where num = #{num}
	 </update>
	 
	 
</mapper>